"industrySlug","industryPageRef","question","answer","sortOrder","isActive","schemaInclude","sourceNote"
"wix-seller-financing","","How do Wix sellers typically use business funding?","Wix sellers commonly use funding for inventory, paid acquisition, fulfillment costs, and short-term operating cash support between sales cycles.","1","true","true","Wave 1 drafted copy. Validate against final underwriting and legal review before publish."
"wix-seller-financing","","What does Distilled Funding review for wix seller applicants?","Review typically considers recent revenue trends, bank statement history, operating expenses, and existing obligations based on submitted documentation.","2","true","true","Wave 1 drafted copy. Validate against final underwriting and legal review before publish."
"wix-seller-financing","","How quickly can a wix seller business move from application to funding review?","Initial review can begin once required information is complete. Final timing depends on documentation quality and underwriting requirements.","3","true","true","Wave 1 drafted copy. Validate against final underwriting and legal review before publish."
"wix-seller-financing","","What should wix seller owners prepare before applying?","Prepare recent business bank statements, revenue history, and a use-of-funds plan covering inventory, marketing, and fulfillment priorities.","4","true","true","Wave 1 drafted copy. Validate against final underwriting and legal review before publish."
"ecommerce-business-funding","","How do ecommerce businesses typically use funding?","Ecommerce operators typically use funding for inventory purchases, marketing spend, fulfillment expenses, and working capital timing support.","1","true","true","Wave 1 drafted copy. Validate against final underwriting and legal review before publish."
"ecommerce-business-funding","","What does Distilled Funding review for ecommerce business applicants?","Review generally evaluates revenue consistency, bank statement activity, cost profile, and current liabilities using submitted business records.","2","true","true","Wave 1 drafted copy. Validate against final underwriting and legal review before publish."
"ecommerce-business-funding","","How quickly can an ecommerce business move from application to funding review?","Timing varies by documentation completeness and underwriting workflow. Complete files usually move through review more efficiently.","3","true","true","Wave 1 drafted copy. Validate against final underwriting and legal review before publish."
"ecommerce-business-funding","","What should ecommerce business owners prepare before applying?","Prepare recent business bank statements, sales documentation, and a practical use-of-funds breakdown for inventory, marketing, and operations.","4","true","true","Wave 1 drafted copy. Validate against final underwriting and legal review before publish."
"restaurant-funding","","How is funding used by restaurant businesses?","Restaurants often use funding for payroll, inventory replenishment, equipment needs, and short-term operating reserves.","1","true","true","Wave 1 drafted copy. Validate against final underwriting and legal review before publish."
"restaurant-funding","","What does Distilled Funding review for restaurant applicants?","Review typically focuses on revenue and cash-flow consistency, expense load, and obligations reflected in submitted documentation.","2","true","true","Wave 1 drafted copy. Validate against final underwriting and legal review before publish."
"restaurant-funding","","How quickly can a restaurant business move from application to funding review?","Review timing depends on file completeness and underwriting needs. Faster document turnaround can reduce delays.","3","true","true","Wave 1 drafted copy. Validate against final underwriting and legal review before publish."
"restaurant-funding","","What should restaurant owners prepare before applying?","Prepare recent business bank statements, performance records, and a use-of-funds summary tied to payroll, inventory, and vendor obligations.","4","true","true","Wave 1 drafted copy. Validate against final underwriting and legal review before publish."
"trucking-funding","","How is funding used by trucking businesses?","Trucking businesses often use funding for fuel, payroll, maintenance, and receivables-related cash flow gaps.","1","true","true","Wave 1 drafted copy. Validate against final underwriting and legal review before publish."
"trucking-funding","","What does Distilled Funding review for trucking applicants?","Review generally includes revenue history, bank statement trends, operating costs, and debt profile from submitted records.","2","true","true","Wave 1 drafted copy. Validate against final underwriting and legal review before publish."
"trucking-funding","","How quickly can a trucking business move from application to funding review?","The timeline varies by document readiness and underwriting requirements. Complete submissions usually help speed review.","3","true","true","Wave 1 drafted copy. Validate against final underwriting and legal review before publish."
"trucking-funding","","What should trucking owners prepare before applying?","Prepare recent business bank statements, revenue documentation, and a use-of-funds plan for fuel, payroll, maintenance, and working capital needs.","4","true","true","Wave 1 drafted copy. Validate against final underwriting and legal review before publish."
"construction-contractor-funding","","How is funding used by construction contractor businesses?","Contractors commonly use funding for labor, subcontractor payouts, materials, equipment, and project payment timing gaps.","1","true","true","Wave 1 drafted copy. Validate against final underwriting and legal review before publish."
"construction-contractor-funding","","What does Distilled Funding review for construction contractor applicants?","Review typically assesses revenue patterns, bank statement history, cost obligations, and project cash-flow context from submitted records.","2","true","true","Wave 1 drafted copy. Validate against final underwriting and legal review before publish."
"construction-contractor-funding","","How quickly can a contractor move from application to funding review?","Review timing depends on underwriting requirements and documentation completeness for the submitted application.","3","true","true","Wave 1 drafted copy. Validate against final underwriting and legal review before publish."
"construction-contractor-funding","","What should contractors prepare before applying?","Prepare recent business bank statements, revenue records, and a project-aware use-of-funds plan tied to labor, materials, and equipment costs.","4","true","true","Wave 1 drafted copy. Validate against final underwriting and legal review before publish."
"medical-practice-funding","","How is funding used by medical practice businesses?","TODO: Add practical use-of-funds examples for medical practice operators.","1","true","true","Seeded placeholder. Replace with reviewed, factual copy before publish."
"medical-practice-funding","","What does Distilled Funding review for medical practice applicants?","TODO: Add factual qualification criteria and required documentation details.","2","true","true","Seeded placeholder. Replace with reviewed, factual copy before publish."
"medical-practice-funding","","How quickly can a medical practice business move from application to funding review?","TODO: Add timeline language that is accurate and non-promissory.","3","true","true","Seeded placeholder. Replace with reviewed, factual copy before publish."
"medical-practice-funding","","What should medical practice owners prepare before applying?","TODO: Add checklist-based preparation guidance aligned with actual process.","4","true","true","Seeded placeholder. Replace with reviewed, factual copy before publish."
"dental-practice-funding","","How is funding used by dental practice businesses?","TODO: Add practical use-of-funds examples for dental practice operators.","1","true","true","Seeded placeholder. Replace with reviewed, factual copy before publish."
"dental-practice-funding","","What does Distilled Funding review for dental practice applicants?","TODO: Add factual qualification criteria and required documentation details.","2","true","true","Seeded placeholder. Replace with reviewed, factual copy before publish."
"dental-practice-funding","","How quickly can a dental practice business move from application to funding review?","TODO: Add timeline language that is accurate and non-promissory.","3","true","true","Seeded placeholder. Replace with reviewed, factual copy before publish."
"dental-practice-funding","","What should dental practice owners prepare before applying?","TODO: Add checklist-based preparation guidance aligned with actual process.","4","true","true","Seeded placeholder. Replace with reviewed, factual copy before publish."
"veterinary-practice-funding","","How is funding used by veterinary practice businesses?","TODO: Add practical use-of-funds examples for veterinary practice operators.","1","true","true","Seeded placeholder. Replace with reviewed, factual copy before publish."
"veterinary-practice-funding","","What does Distilled Funding review for veterinary practice applicants?","TODO: Add factual qualification criteria and required documentation details.","2","true","true","Seeded placeholder. Replace with reviewed, factual copy before publish."
"veterinary-practice-funding","","How quickly can a veterinary practice business move from application to funding review?","TODO: Add timeline language that is accurate and non-promissory.","3","true","true","Seeded placeholder. Replace with reviewed, factual copy before publish."
"veterinary-practice-funding","","What should veterinary practice owners prepare before applying?","TODO: Add checklist-based preparation guidance aligned with actual process.","4","true","true","Seeded placeholder. Replace with reviewed, factual copy before publish."
"auto-repair-shop-funding","","How is funding used by auto repair shop businesses?","TODO: Add practical use-of-funds examples for auto repair shop operators.","1","true","true","Seeded placeholder. Replace with reviewed, factual copy before publish."
"auto-repair-shop-funding","","What does Distilled Funding review for auto repair shop applicants?","TODO: Add factual qualification criteria and required documentation details.","2","true","true","Seeded placeholder. Replace with reviewed, factual copy before publish."
"auto-repair-shop-funding","","How quickly can a auto repair shop business move from application to funding review?","TODO: Add timeline language that is accurate and non-promissory.","3","true","true","Seeded placeholder. Replace with reviewed, factual copy before publish."
"auto-repair-shop-funding","","What should auto repair shop owners prepare before applying?","TODO: Add checklist-based preparation guidance aligned with actual process.","4","true","true","Seeded placeholder. Replace with reviewed, factual copy before publish."
"salon-spa-business-funding","","How is funding used by salon spa business businesses?","TODO: Add practical use-of-funds examples for salon spa business operators.","1","true","true","Seeded placeholder. Replace with reviewed, factual copy before publish."
"salon-spa-business-funding","","What does Distilled Funding review for salon spa business applicants?","TODO: Add factual qualification criteria and required documentation details.","2","true","true","Seeded placeholder. Replace with reviewed, factual copy before publish."
"salon-spa-business-funding","","How quickly can a salon spa business business move from application to funding review?","TODO: Add timeline language that is accurate and non-promissory.","3","true","true","Seeded placeholder. Replace with reviewed, factual copy before publish."
"salon-spa-business-funding","","What should salon spa business owners prepare before applying?","TODO: Add checklist-based preparation guidance aligned with actual process.","4","true","true","Seeded placeholder. Replace with reviewed, factual copy before publish."
"wholesale-distributor-funding","","How is funding used by wholesale distributor businesses?","TODO: Add practical use-of-funds examples for wholesale distributor operators.","1","true","true","Seeded placeholder. Replace with reviewed, factual copy before publish."
"wholesale-distributor-funding","","What does Distilled Funding review for wholesale distributor applicants?","TODO: Add factual qualification criteria and required documentation details.","2","true","true","Seeded placeholder. Replace with reviewed, factual copy before publish."
"wholesale-distributor-funding","","How quickly can a wholesale distributor business move from application to funding review?","TODO: Add timeline language that is accurate and non-promissory.","3","true","true","Seeded placeholder. Replace with reviewed, factual copy before publish."
"wholesale-distributor-funding","","What should wholesale distributor owners prepare before applying?","TODO: Add checklist-based preparation guidance aligned with actual process.","4","true","true","Seeded placeholder. Replace with reviewed, factual copy before publish."
"manufacturing-business-funding","","How is funding used by manufacturing business businesses?","TODO: Add practical use-of-funds examples for manufacturing business operators.","1","true","true","Seeded placeholder. Replace with reviewed, factual copy before publish."
"manufacturing-business-funding","","What does Distilled Funding review for manufacturing business applicants?","TODO: Add factual qualification criteria and required documentation details.","2","true","true","Seeded placeholder. Replace with reviewed, factual copy before publish."
"manufacturing-business-funding","","How quickly can a manufacturing business business move from application to funding review?","TODO: Add timeline language that is accurate and non-promissory.","3","true","true","Seeded placeholder. Replace with reviewed, factual copy before publish."
"manufacturing-business-funding","","What should manufacturing business owners prepare before applying?","TODO: Add checklist-based preparation guidance aligned with actual process.","4","true","true","Seeded placeholder. Replace with reviewed, factual copy before publish."
"staffing-agency-funding","","How is funding used by staffing agency businesses?","TODO: Add practical use-of-funds examples for staffing agency operators.","1","true","true","Seeded placeholder. Replace with reviewed, factual copy before publish."
"staffing-agency-funding","","What does Distilled Funding review for staffing agency applicants?","TODO: Add factual qualification criteria and required documentation details.","2","true","true","Seeded placeholder. Replace with reviewed, factual copy before publish."
"staffing-agency-funding","","How quickly can a staffing agency business move from application to funding review?","TODO: Add timeline language that is accurate and non-promissory.","3","true","true","Seeded placeholder. Replace with reviewed, factual copy before publish."
"staffing-agency-funding","","What should staffing agency owners prepare before applying?","TODO: Add checklist-based preparation guidance aligned with actual process.","4","true","true","Seeded placeholder. Replace with reviewed, factual copy before publish."
"law-firm-funding","","How is funding used by law firm businesses?","TODO: Add practical use-of-funds examples for law firm operators.","1","true","true","Seeded placeholder. Replace with reviewed, factual copy before publish."
"law-firm-funding","","What does Distilled Funding review for law firm applicants?","TODO: Add factual qualification criteria and required documentation details.","2","true","true","Seeded placeholder. Replace with reviewed, factual copy before publish."
"law-firm-funding","","How quickly can a law firm business move from application to funding review?","TODO: Add timeline language that is accurate and non-promissory.","3","true","true","Seeded placeholder. Replace with reviewed, factual copy before publish."
"law-firm-funding","","What should law firm owners prepare before applying?","TODO: Add checklist-based preparation guidance aligned with actual process.","4","true","true","Seeded placeholder. Replace with reviewed, factual copy before publish."
"home-services-funding","","How is funding used by home services businesses?","TODO: Add practical use-of-funds examples for home services operators.","1","true","true","Seeded placeholder. Replace with reviewed, factual copy before publish."
"home-services-funding","","What does Distilled Funding review for home services applicants?","TODO: Add factual qualification criteria and required documentation details.","2","true","true","Seeded placeholder. Replace with reviewed, factual copy before publish."
"home-services-funding","","How quickly can a home services business move from application to funding review?","TODO: Add timeline language that is accurate and non-promissory.","3","true","true","Seeded placeholder. Replace with reviewed, factual copy before publish."
"home-services-funding","","What should home services owners prepare before applying?","TODO: Add checklist-based preparation guidance aligned with actual process.","4","true","true","Seeded placeholder. Replace with reviewed, factual copy before publish."
